{"sections":{"banner":{"type":"main-collection-banner","custom_css":["h1 {font-size: 30px;}","h1 {display: flex; justify-content: center; \/* 水平居中 *\/ align-items: center; \/* 垂直居中 *\/}","h1 {font-weight: bold;}"],"settings":{"show_collection_description":false,"show_collection_image":false,"color_scheme":"background-1"}},"product-grid":{"type":"main-collection-product-grid","custom_css":["h2 {font-size: 18px;}"],"settings":{"products_per_page":16,"columns_desktop":4,"image_ratio":"square","show_secondary_image":true,"show_vendor":false,"show_rating":true,"enable_quick_add":false,"enable_filtering":true,"filter_type":"drawer","enable_sorting":true,"columns_mobile":"1","padding_top":36,"padding_bottom":60}}},"order":["banner","product-grid"]}