{"sections":{"slideshow":{"type":"slideshow","blocks":{"290c7367-eab3-4e50-b42c-c017393ce6f1":{"type":"slide","settings":{"image":"shopify:\/\/shop_images\/fiddle-or-violin-on-black.jpg","heading":"<strong>Melodiewerk<\/strong>","heading_size":"h1","subheading":"<strong>Durch die feine Handarbeit nach traditionellen Techniken ist jedes Instrument ein Meisterwerk des Handwerks<\/strong>","button_label":"SHOP NOW","link":"shopify:\/\/collections\/alle-musikinstrumente所有乐器","button_style_secondary":true,"box_align":"middle-center","show_text_box":false,"text_alignment":"center","image_overlay_opacity":0,"color_scheme":"accent-1","text_alignment_mobile":"center"}}},"block_order":["290c7367-eab3-4e50-b42c-c017393ce6f1"],"settings":{"layout":"full_bleed","slide_height":"large","slider_visual":"dots","auto_rotate":false,"change_slides_speed":3,"image_behavior":"none","show_text_below":true,"accessibility_info":"Slideshow about our brand."}},"rich-text-1":{"type":"rich-text","blocks":{"heading":{"type":"heading","settings":{"heading":"<strong>Featured products<\/strong>","heading_size":"h2"}}},"block_order":["heading"],"settings":{"desktop_content_position":"center","content_alignment":"center","color_scheme":"background-1","full_width":false,"padding_top":60,"padding_bottom":0}},"featured-collection":{"type":"featured-collection","custom_css":["h3 {font-size: 15px;}","h3 {font-weight: bold;}"],"settings":{"title":"","heading_size":"h1","description":"","show_description":false,"description_style":"subtitle","collection":"all","products_to_show":12,"columns_desktop":4,"full_width":false,"show_view_all":true,"view_all_style":"outline","enable_desktop_slider":false,"color_scheme":"background-1","image_ratio":"square","show_secondary_image":true,"show_vendor":false,"show_rating":false,"enable_quick_add":false,"columns_mobile":"1","swipe_on_mobile":false,"padding_top":32,"padding_bottom":36}},"d8d367c4-8ea0-44a2-88b8-ce976430565c":{"type":"rich-text","blocks":{"template--18534492832074__d8d367c4-8ea0-44a2-88b8-ce976430565c-168079581646bafbd5-0":{"type":"heading","settings":{"heading":"<strong>Musikinstrumenten-Serie<\/strong>","heading_size":"h2"}}},"block_order":["template--18534492832074__d8d367c4-8ea0-44a2-88b8-ce976430565c-168079581646bafbd5-0"],"settings":{"desktop_content_position":"center","content_alignment":"center","color_scheme":"background-1","full_width":true,"padding_top":56,"padding_bottom":0}},"abd36b45-3729-4429-854b-9e27a8991b77":{"type":"collection-list","blocks":{"template--18534492832074__abd36b45-3729-4429-854b-9e27a8991b77-1680795796e39c1ad1-0":{"type":"featured_collection","settings":{"collection":"gitarre吉他"}},"template--18534492832074__abd36b45-3729-4429-854b-9e27a8991b77-1680795796e39c1ad1-1":{"type":"featured_collection","settings":{"collection":"bassgitarre低音吉他"}},"template--18534492832074__abd36b45-3729-4429-854b-9e27a8991b77-1680795796e39c1ad1-2":{"type":"featured_collection","settings":{"collection":"blasinstrument管乐器"}},"0e184d03-0176-4817-9263-9b07ceac01b8":{"type":"featured_collection","settings":{"collection":"schlagzeug-perkussion鼓-打击乐器"}},"ff3e2cf6-e685-4e45-ad79-ea9c7b83b80b":{"type":"featured_collection","settings":{"collection":"saiteninstrument弦乐器"}},"9852d911-46ea-488e-8c4a-898004115a21":{"type":"featured_collection","settings":{"collection":"tasteninstrument键盘乐器"}},"aa724137-ed13-4c3f-8b8d-fbe46db1a3aa":{"type":"featured_collection","settings":{"collection":"ukulele-banjo尤克里里-班卓琴"}},"ea1e2f48-69ba-4f2b-bb8e-495b844c36d5":{"type":"featured_collection","settings":{"collection":"anhang附件"}}},"block_order":["template--18534492832074__abd36b45-3729-4429-854b-9e27a8991b77-1680795796e39c1ad1-0","template--18534492832074__abd36b45-3729-4429-854b-9e27a8991b77-1680795796e39c1ad1-1","template--18534492832074__abd36b45-3729-4429-854b-9e27a8991b77-1680795796e39c1ad1-2","0e184d03-0176-4817-9263-9b07ceac01b8","ff3e2cf6-e685-4e45-ad79-ea9c7b83b80b","9852d911-46ea-488e-8c4a-898004115a21","aa724137-ed13-4c3f-8b8d-fbe46db1a3aa","ea1e2f48-69ba-4f2b-bb8e-495b844c36d5"],"custom_css":["h3 {font-size: 19px;}"],"settings":{"title":"","heading_size":"h1","image_ratio":"square","columns_desktop":4,"color_scheme":"background-1","show_view_all":false,"columns_mobile":"2","swipe_on_mobile":false,"padding_top":32,"padding_bottom":60}},"a43fe9c8-7332-4ab0-9571-2c2f752a8815":{"type":"rich-text","blocks":{"template--18534492832074__a43fe9c8-7332-4ab0-9571-2c2f752a8815-168086522123c6a00c-0":{"type":"heading","settings":{"heading":"<strong>Neues Produkt<\/strong>","heading_size":"h2"}}},"block_order":["template--18534492832074__a43fe9c8-7332-4ab0-9571-2c2f752a8815-168086522123c6a00c-0"],"settings":{"desktop_content_position":"center","content_alignment":"center","color_scheme":"background-1","full_width":true,"padding_top":56,"padding_bottom":0}},"89786083-c1b3-440b-8513-5f7862e88b2b":{"type":"featured-collection","custom_css":["h3 {font-size: 15px;}","h3 {font-weight: bold;}"],"settings":{"title":"","heading_size":"h1","description":"","show_description":false,"description_style":"subtitle","collection":"neues-produkt","products_to_show":4,"columns_desktop":4,"full_width":false,"show_view_all":true,"view_all_style":"outline","enable_desktop_slider":false,"color_scheme":"background-1","image_ratio":"square","show_secondary_image":true,"show_vendor":false,"show_rating":false,"enable_quick_add":false,"columns_mobile":"2","swipe_on_mobile":false,"padding_top":32,"padding_bottom":36}},"3b8f1c0e-0013-438a-9075-29bcac812994":{"type":"rich-text","blocks":{"template--18534492832074__3b8f1c0e-0013-438a-9075-29bcac812994-1680955561b742153f-0":{"type":"heading","settings":{"heading":"<strong>Vintage-Plattenspieler<\/strong>","heading_size":"h2"}}},"block_order":["template--18534492832074__3b8f1c0e-0013-438a-9075-29bcac812994-1680955561b742153f-0"],"settings":{"desktop_content_position":"center","content_alignment":"center","color_scheme":"background-1","full_width":true,"padding_top":64,"padding_bottom":0}},"748ded70-f8cc-4248-ac4d-c699e166cb5d":{"type":"collage","blocks":{"c11e244c-fbf0-4110-afa4-e99426c452da":{"type":"video","settings":{"cover_image":"shopify:\/\/shop_images\/record-playing-music.jpg","video_url":"https:\/\/www.youtube.com\/watch?v=_9VUPq3SxOc","description":"Describe the video"}},"template--18534492832074__748ded70-f8cc-4248-ac4d-c699e166cb5d-1680955478a0b70c5e-0":{"type":"image","settings":{"image":"shopify:\/\/shop_images\/creative-at-home-flatlay.jpg"}},"6d8f8541-429b-46a0-ba16-39da374babdd":{"type":"product","settings":{"product":"plattenspieler-retro-phonograph-kleines-horn-antiker-vinyl-plattenspieler-europaischer-wohnzimmer-vinyl-plattenspieler","second_image":true}}},"block_order":["c11e244c-fbf0-4110-afa4-e99426c452da","template--18534492832074__748ded70-f8cc-4248-ac4d-c699e166cb5d-1680955478a0b70c5e-0","6d8f8541-429b-46a0-ba16-39da374babdd"],"settings":{"heading":"","heading_size":"h1","desktop_layout":"left","mobile_layout":"column","card_styles":"product-card-wrapper","color_scheme":"background-1","padding_top":36,"padding_bottom":36}}},"order":["slideshow","rich-text-1","featured-collection","d8d367c4-8ea0-44a2-88b8-ce976430565c","abd36b45-3729-4429-854b-9e27a8991b77","a43fe9c8-7332-4ab0-9571-2c2f752a8815","89786083-c1b3-440b-8513-5f7862e88b2b","3b8f1c0e-0013-438a-9075-29bcac812994","748ded70-f8cc-4248-ac4d-c699e166cb5d"]}