{"sections":{"7908074a-86e3-4496-9915-348a5138c435":{"type":"rich-text","blocks":{"template--18534493192522__7908074a-86e3-4496-9915-348a5138c435-168080947136517d42-0":{"type":"heading","settings":{"heading":"<strong>Collections<\/strong>","heading_size":"h2"}}},"block_order":["template--18534493192522__7908074a-86e3-4496-9915-348a5138c435-168080947136517d42-0"],"settings":{"desktop_content_position":"center","content_alignment":"center","color_scheme":"background-1","full_width":true,"padding_top":40,"padding_bottom":40}},"main":{"type":"main-list-collections","custom_css":["h3 {font-size: 14px;}"],"settings":{"title":"","sort":"alphabetical","image_ratio":"square","columns_desktop":4,"columns_mobile":"2"}}},"order":["7908074a-86e3-4496-9915-348a5138c435","main"]}