{"name":"t:sections.header.name","type":"header","sections":{"announcement-bar":{"type":"announcement-bar","blocks":{"announcement-bar-0":{"type":"announcement","settings":{"text":"Welcome to our store","text_alignment":"center","color_scheme":"background-1","link":""}}},"block_order":["announcement-bar-0"],"settings":{}},"header":{"type":"header","custom_css":[],"settings":{"logo_position":"top-center","menu":"main-menu","menu_type_desktop":"mega","sticky_header_type":"reduce-logo-size","show_line_separator":false,"color_scheme":"accent-1","enable_country_selector":true,"enable_language_selector":true,"mobile_logo_position":"center","margin_bottom":0,"padding_top":20,"padding_bottom":20}}},"order":["announcement-bar","header"]}