{"current":{"logo_width":300,"favicon":"shopify:\/\/shop_images\/2.png","colors_solid_button_labels":"#fcfcfc","colors_accent_1":"#000000","gradient_accent_1":"","colors_accent_2":"#103948","gradient_accent_2":"","colors_text":"#103948","colors_outline_button_labels":"#052c46","colors_background_1":"#fff","gradient_background_1":"","colors_background_2":"#ebeced","gradient_background_2":"","type_header_font":"electra_n4","heading_scale":110,"type_body_font":"electra_n4","body_scale":110,"page_width":1000,"spacing_sections":0,"spacing_grid_horizontal":40,"spacing_grid_vertical":40,"buttons_border_thickness":1,"buttons_border_opacity":100,"buttons_radius":40,"buttons_shadow_opacity":10,"buttons_shadow_horizontal_offset":2,"buttons_shadow_vertical_offset":2,"buttons_shadow_blur":5,"variant_pills_border_thickness":1,"variant_pills_border_opacity":55,"variant_pills_radius":40,"variant_pills_shadow_opacity":0,"variant_pills_shadow_horizontal_offset":0,"variant_pills_shadow_vertical_offset":0,"variant_pills_shadow_blur":0,"inputs_border_thickness":1,"inputs_border_opacity":15,"inputs_radius":2,"inputs_shadow_opacity":5,"inputs_shadow_horizontal_offset":2,"inputs_shadow_vertical_offset":2,"inputs_shadow_blur":5,"card_style":"standard","card_image_padding":0,"card_text_alignment":"center","card_color_scheme":"background-1","card_border_thickness":0,"card_border_opacity":10,"card_corner_radius":0,"card_shadow_opacity":10,"card_shadow_horizontal_offset":0,"card_shadow_vertical_offset":0,"card_shadow_blur":0,"collection_card_style":"standard","collection_card_image_padding":0,"collection_card_text_alignment":"center","collection_card_color_scheme":"background-1","collection_card_border_thickness":0,"collection_card_border_opacity":5,"collection_card_corner_radius":40,"collection_card_shadow_opacity":5,"collection_card_shadow_horizontal_offset":0,"collection_card_shadow_vertical_offset":0,"collection_card_shadow_blur":0,"blog_card_style":"standard","blog_card_image_padding":0,"blog_card_text_alignment":"center","blog_card_color_scheme":"background-1","blog_card_border_thickness":0,"blog_card_border_opacity":10,"blog_card_corner_radius":0,"blog_card_shadow_opacity":10,"blog_card_shadow_horizontal_offset":0,"blog_card_shadow_vertical_offset":0,"blog_card_shadow_blur":0,"text_boxes_border_thickness":0,"text_boxes_border_opacity":100,"text_boxes_radius":0,"text_boxes_shadow_opacity":0,"text_boxes_shadow_horizontal_offset":0,"text_boxes_shadow_vertical_offset":0,"text_boxes_shadow_blur":0,"media_border_thickness":0,"media_border_opacity":100,"media_radius":0,"media_shadow_opacity":0,"media_shadow_horizontal_offset":0,"media_shadow_vertical_offset":0,"media_shadow_blur":0,"popup_border_thickness":0,"popup_border_opacity":100,"popup_corner_radius":0,"popup_shadow_opacity":0,"popup_shadow_horizontal_offset":6,"popup_shadow_vertical_offset":6,"popup_shadow_blur":0,"drawer_border_thickness":0,"drawer_border_opacity":100,"drawer_shadow_opacity":5,"drawer_shadow_horizontal_offset":0,"drawer_shadow_vertical_offset":0,"drawer_shadow_blur":0,"badge_position":"bottom left","badge_corner_radius":40,"sale_badge_color_scheme":"accent-2","sold_out_badge_color_scheme":"inverse","accent_icons":"text","brand_headline":"","brand_description":"<p><\/p>","brand_image_width":100,"social_facebook_link":"https:\/\/facebook.com\/shopify","social_instagram_link":"http:\/\/instagram.com\/shopify","social_youtube_link":"https:\/\/www.youtube.com\/shopify","social_tiktok_link":"https:\/\/tiktok.com\/@shopify","social_twitter_link":"https:\/\/twitter.com\/shopify","social_snapchat_link":"","social_pinterest_link":"","social_tumblr_link":"","social_vimeo_link":"","predictive_search_enabled":true,"predictive_search_show_vendor":false,"predictive_search_show_price":true,"currency_code_enabled":false,"cart_type":"drawer","show_vendor":false,"show_cart_note":false,"cart_drawer_collection":"","sections":{"main-password-header":{"type":"main-password-header","settings":{"color_scheme":"background-1"}},"main-password-footer":{"type":"main-password-footer","settings":{"color_scheme":"background-1"}}},"content_for_index":[]},"presets":{"Default":{"logo_width":120,"colors_solid_button_labels":"#fcfcfc","colors_accent_1":"#103948","gradient_accent_1":"","colors_accent_2":"#103948","gradient_accent_2":"","colors_text":"#103948","colors_outline_button_labels":"#052c46","colors_background_1":"#fcfcfc","gradient_background_1":"","colors_background_2":"#ebeced","gradient_background_2":"","type_header_font":"electra_n4","heading_scale":105,"type_body_font":"electra_n4","body_scale":105,"page_width":1200,"spacing_sections":0,"spacing_grid_horizontal":40,"spacing_grid_vertical":40,"buttons_border_thickness":1,"buttons_border_opacity":100,"buttons_radius":40,"buttons_shadow_opacity":10,"buttons_shadow_horizontal_offset":2,"buttons_shadow_vertical_offset":2,"buttons_shadow_blur":5,"variant_pills_border_thickness":1,"variant_pills_border_opacity":55,"variant_pills_radius":40,"variant_pills_shadow_opacity":0,"variant_pills_shadow_horizontal_offset":0,"variant_pills_shadow_vertical_offset":0,"variant_pills_shadow_blur":0,"inputs_border_thickness":1,"inputs_border_opacity":15,"inputs_radius":2,"inputs_shadow_opacity":5,"inputs_shadow_horizontal_offset":2,"inputs_shadow_vertical_offset":2,"inputs_shadow_blur":5,"card_style":"standard","card_image_padding":0,"card_text_alignment":"center","card_color_scheme":"background-1","card_border_thickness":0,"card_border_opacity":10,"card_corner_radius":0,"card_shadow_opacity":10,"card_shadow_horizontal_offset":0,"card_shadow_vertical_offset":0,"card_shadow_blur":0,"collection_card_style":"standard","collection_card_image_padding":0,"collection_card_text_alignment":"center","collection_card_color_scheme":"background-1","collection_card_border_thickness":0,"collection_card_border_opacity":10,"collection_card_corner_radius":0,"collection_card_shadow_opacity":10,"collection_card_shadow_horizontal_offset":0,"collection_card_shadow_vertical_offset":0,"collection_card_shadow_blur":0,"blog_card_style":"standard","blog_card_image_padding":0,"blog_card_text_alignment":"center","blog_card_color_scheme":"background-1","blog_card_border_thickness":0,"blog_card_border_opacity":10,"blog_card_corner_radius":0,"blog_card_shadow_opacity":10,"blog_card_shadow_horizontal_offset":0,"blog_card_shadow_vertical_offset":0,"blog_card_shadow_blur":0,"text_boxes_border_thickness":0,"text_boxes_border_opacity":0,"text_boxes_radius":0,"text_boxes_shadow_opacity":0,"text_boxes_shadow_horizontal_offset":0,"text_boxes_shadow_vertical_offset":0,"text_boxes_shadow_blur":0,"media_border_thickness":0,"media_border_opacity":5,"media_radius":0,"media_shadow_opacity":0,"media_shadow_horizontal_offset":0,"media_shadow_vertical_offset":0,"media_shadow_blur":0,"popup_border_thickness":0,"popup_border_opacity":10,"popup_corner_radius":0,"popup_shadow_opacity":10,"popup_shadow_horizontal_offset":6,"popup_shadow_vertical_offset":6,"popup_shadow_blur":25,"drawer_border_thickness":1,"drawer_border_opacity":10,"drawer_shadow_opacity":0,"drawer_shadow_horizontal_offset":0,"drawer_shadow_vertical_offset":0,"drawer_shadow_blur":0,"badge_position":"bottom left","badge_corner_radius":40,"sale_badge_color_scheme":"accent-2","sold_out_badge_color_scheme":"inverse","accent_icons":"text","brand_headline":"","brand_description":"<p><\/p>","brand_image_width":100,"social_twitter_link":"","social_facebook_link":"","social_pinterest_link":"","social_instagram_link":"","social_tiktok_link":"","social_tumblr_link":"","social_snapchat_link":"","social_youtube_link":"","social_vimeo_link":"","predictive_search_enabled":true,"predictive_search_show_vendor":false,"predictive_search_show_price":false,"currency_code_enabled":true,"cart_type":"notification","show_vendor":false,"show_cart_note":false,"cart_drawer_collection":"","sections":{"main-password-header":{"type":"main-password-header","settings":{"color_scheme":"background-1"}},"main-password-footer":{"type":"main-password-footer","settings":{"color_scheme":"background-1"}}}}}}